{
    "ident": "loading_default",
    "name": {
        "en_US": "Loading Default"
    },
    "background": {
        "type": 0,
        "opacity": 1,
        "val": "#383838"
    },
    "position": {
        "y": {
            "type": 1,
            "val": 0
        },
        "x": {
            "type": 1,
            "val": 0
        }
    },
    "size": {
        "w": {
            "type": 1,
            "val": 1
        },
        "h": {
            "type": 1,
            "val": 1
        }
    },
    "controls": [
                 {
                 "ctrl": 24,
                 "events": [],
                 "systemtype": "logo",
                 "position": {
                 "x": {
                 "val": -0.964018,
                 "type": 0,
                 "reltype": 1
                 },
                 "y": {
                 "val": -0.14084507042253522,
                 "type": 1,
                 "reltype": 1
                 }
                 },
                 "visible": true,
                 "size": {
                 "w": {
                 "val": 1,
                 "type": 3,
                 "reltype": 0
                 },
                 "h": {
                 "val": 0.21126760563380279,
                 "type": 1,
                 "reltype": 3
                 }
                 },
                 "itemspec": {
                 "fill": {
                 "type": 1,
                 "val": "logo.png",
                 "ref": "589f77aea1817b5b556175f0",
                 "locked": true,
                 "opacity": 1,
                 "scale": 1
                 },
                 "type": "rectangle"
                 },
                 "opacity": 1,
                 "name": "image1",
                 "id": "image1"
                 },
                 {
                 "ctrl": 3,
                 "visible": true,
                 "itemspec": {
                 "color": "#cccccc",
                 "font": {
                 "name": "System",
                 "size": {
                 "val": 0.5,
                 "type": 1
                 }
                 },
                 "hAlign": "center",
                 "val": {
                 "en_US": "just a moment"
                 },
                 "truncation": "ellipses"
                 },
                 "size": {
                 "w": {
                 "val": 0.8156250000000002,
                 "type": 1,
                 "reltype": 0
                 },
                 "h": {
                 "val": 0.09154929577464789,
                 "type": 1,
                 "reltype": 3
                 }
                 },
                 "position": {
                 "x": {
                 "val": 0.56,
                 "type": 0,
                 "reltype": 1
                 },
                 "y": {
                 "val": 25,
                 "type": 0,
                 "reltype": 8,
                 "id": "image1"
                 }
                 },
                 "name": "text1",
                 "id": "text1",
                 "opacity": 1,
                 "type": "standard",
                 "systemtype": "msgArea"
                 },
                 {
                 "ctrl": 31,
                 "visible": true,
                 "itemspec": {
                 "orientation": 1,
                 "min": 0,
                 "max": 100,
                 "value": 20,
                 "background": {
                 "fill": {
                 "type": 0,
                 "val": "#cccccc",
                 "opacity": 1
                 },
                 "type": "rectangle",
                 "position": {
                 "x": {
                 "val": 0,
                 "type": 1,
                 "reltype": 0
                 },
                 "y": {
                 "val": 0.25000000000000006,
                 "type": 1,
                 "reltype": 3
                 }
                 },
                 "size": {
                 "w": {
                 "val": 1,
                 "type": 1,
                 "reltype": 0
                 },
                 "h": {
                 "val": 0.5,
                 "type": 1,
                 "reltype": 3
                 }
                 },
                 "visible": true
                 },
                 "bar": {
                 "fill": {
                 "type": 0,
                 "val": "#2fc4f3",
                 "opacity": 1
                 },
                 "type": "rectangle",
                 "position": {
                 "x": {
                 "val": 0,
                 "type": 1,
                 "reltype": 0
                 },
                 "y": {
                 "val": 0.25000000000000006,
                 "type": 1,
                 "reltype": 3
                 }
                 },
                 "size": {
                 "w": {
                 "val": 1,
                 "type": 1,
                 "reltype": 0
                 },
                 "h": {
                 "val": 0.5,
                 "type": 1,
                 "reltype": 3
                 }
                 },
                 "visible": true
                 },
                 "thumb": {
                 "fill": {
                 "type": 0,
                 "val": "-Slider Thumb-",
                 "opacity": 1
                 },
                 "type": "ellipse",
                 "position": {
                 "x": {
                 "val": -0.030000000000000002,
                 "type": 1
                 },
                 "y": {
                 "val": 0,
                 "type": 1
                 }
                 },
                 "size": {
                 "w": {
                 "val": 1,
                 "type": 3,
                 "reltype": 0
                 },
                 "h": {
                 "val": 1,
                 "type": 1,
                 "reltype": 3
                 }
                 },
                 "visible": false
                 },
                 "animations": {
                 "value": {
                 "duration": 0.5,
                 "damping": 0.9
                 }
                 }
                 },
                 "events": [],
                 "size": {
                 "w": {
                 "val": 0.5625,
                 "type": 1,
                 "reltype": 0
                 },
                 "h": {
                 "val": 0.026408450704225348,
                 "type": 1,
                 "reltype": 3
                 }
                 },
                 "position": {
                 "x": {
                 "val": 0,
                 "type": 0,
                 "reltype": 1
                 },
                 "y": {
                 "val": 10,
                 "type": 0,
                 "reltype": 8,
                 "id": "text1"
                 }
                 },
                 "opacity": 1,
                 "name": "progress1",
                 "id": "progress1",
                 "systemtype": "progress"
                 }
                 ],
    "events": [],
    "systemtype": "loading_default",
    "device": -1,
    "platform": -1,
    "orientation": 3
}
