{
    "systemtype": "Standard",
    "ident": "sample_missing_start",
    "name": {
        "en_US": "Sample Missing Start"
    },
    "attributes": {
    },
    "background": {
        "type": 0,
        "val": "#ffffff",
        "opacity": 1
    },
    "events": [],
    "controls": [
                 {
                 "ctrl": 3,
                 "visible": true,
                 "itemspec": {
                 "color": "#000000ff",
                 "font": {
                 "name": "Normal",
                 "size": {
                 "val": 0.08421052631578949,
                 "type": 1
                 }
                 },
                 "hAlign": "center",
                 "val": {
                 "en_US": "There is no start view defined for this application"
                 }
                 },
                 "size": {
                 "w": {
                 "val": 0.796875,
                 "type": 1
                 },
                 "h": {
                 "val": 0.5017605633802817,
                 "type": 1
                 }
                 },
                 "position": {
                 "x": {
                 "val": 0.1,
                 "type": 1
                 },
                 "y": {
                 "val": 0.1619718309859155,
                 "type": 1
                 }
                 },
                 "name": "text1",
                 "id": "text1",
                 "systemType":"errormsg",
                 "opacity": 1,
                 "type": "standard"
                 },
                 {
                 "ctrl": 3,
                 "visible": true,
                 "itemspec": {
                 "color": "#000000ff",
                 "font": {
                 "name": "Normal",
                 "size": {
                 "val": 20,
                 "type": 0
                 }
                 },
                 "hAlign": "center",
                 "val": {
                 "en_US": "app name"
                 },
                 "linkfilters":{
                 "label":{
                 "en_US":"App: {{app}}"
                 }
                 },
                 "links": [
                           {
                           "type": 0,
                           "ident": "",
                           "name": "app",
                           "var": "$app_name"
                           }
                           ]
                 },
                 "size": {
                 "w": {
                 "val": 0.809375,
                 "type": 1
                 },
                 "h": {
                 "val": 34,
                 "type": 0
                 }
                 },
                 "position": {
                 "x": {
                 "val": 0.0015625,
                 "type": 1,
                 "reltype": 1
                 },
                 "y": {
                 "val": 0.8767605633802817,
                 "type": 1
                 }
                 },
                 "name": "text2",
                 "id": "text2",
                 "opacity": 1,
                 "type": "standard"
                 }
                 ],
    "size": {
        "w": {
            "type": 1,
            "val": 1
        },
        "h": {
            "type": 1,
            "val": 1
        }
    },
    "position": {
        "y": {
            "type": 1,
            "val": 0
        },
        "x": {
            "type": 1,
            "val": 0
        }
    }
}